exp,n,k,metric,nnz,nnz_per_nk,build_s,tracemalloc_peak_mb,rss_delta_mb,T_mem_mb,conn_dtype,conn_nnz,T_format,T_nnz,T_dtype,obsp_after_neighbors,obsp_final,neighbors_s,kernel_s,dense_n2_mb,rowsum_ok,4,2000,30,gpcca_fit,"brandts(fallback,dense!)",5,10,7.81,1.288,288.2,344.0,2000x10,0.2,Unnamed: 13,Unnamed: 14,Unnamed: 15
1.0,5000.0,15.0,knn_transition,118944.0,1.58592,0.266,6.3,7.8,1.4,,,,,,,,,,,,,,,,,,,,,,,,,,,
1.0,5000.0,30.0,knn_transition,231638.0,1.5442533333333333,0.199,12.2,9.9,2.8,,,,,,,,,,,,,,,,,,,,,,,,,,,
1.0,5000.0,50.0,knn_transition,376932.0,1.507728,0.243,20.2,16.5,4.5,,,,,,,,,,,,,,,,,,,,,,,,,,,
1.0,10000.0,15.0,knn_transition,243750.0,1.625,0.576,12.3,6.0,3.0,,,,,,,,,,,,,,,,,,,,,,,,,,,
1.0,10000.0,30.0,knn_transition,476998.0,1.5899933333333334,0.652,24.3,19.9,5.8,,,,,,,,,,,,,,,,,,,,,,,,,,,
1.0,10000.0,50.0,knn_transition,780468.0,1.560936,0.746,40.3,33.2,9.4,,,,,,,,,,,,,,,,,,,,,,,,,,,
1.0,20000.0,15.0,knn_transition,493958.0,1.6465266666666667,2.168,24.6,11.6,6.0,,,,,,,,,,,,,,,,,,,,,,,,,,,
1.0,20000.0,30.0,knn_transition,971592.0,1.61932,2.333,48.6,40.3,11.7,,,,,,,,,,,,,,,,,,,,,,,,,,,
1.0,20000.0,50.0,knn_transition,1595478.0,1.595478,2.56,80.6,67.5,19.2,,,,,,,,,,,,,,,,,,,,,,,,,,,
1.0,50000.0,15.0,knn_transition,1254496.0,1.6726613333333331,13.214,61.4,62.3,15.3,,,,,,,,,,,,,,,,,,,,,,,,,,,
1.0,50000.0,30.0,knn_transition,2476614.0,1.651076,13.613,121.4,102.1,29.9,,,,,,,,,,,,,,,,,,,,,,,,,,,
1.0,50000.0,50.0,knn_transition,4084548.0,1.6338192,14.533,201.4,171.7,49.2,,,,,,,,,,,,,,,,,,,,,,,,,,,
2.0,5000.0,15.0,connectivity_kernel,,,,60.7,335.6,1.4,float32,111326.0,csr_matrix,111326.0,float64,connectivities|distances,connectivities|distances,60.76,0.054,200.0,True,,,,,,,,,,,,,,,,
2.0,5000.0,30.0,connectivity_kernel,,,,14.9,6.3,2.7,float32,224202.0,csr_matrix,224202.0,float64,connectivities|distances,connectivities|distances,0.29,0.024,200.0,True,,,,,,,,,,,,,,,,
2.0,5000.0,50.0,connectivity_kernel,,,,24.7,12.8,4.5,float32,369892.0,csr_matrix,369892.0,float64,connectivities|distances,connectivities|distances,0.35,0.03,200.0,True,,,,,,,,,,,,,,,,
2.0,20000.0,15.0,connectivity_kernel,,,,105.7,278.9,5.6,float32,462472.0,csr_matrix,462472.0,float64,connectivities|distances,connectivities|distances,87.84,0.047,3200.0,True,,,,,,,,,,,,,,,,
2.0,20000.0,30.0,connectivity_kernel,,,,300.1,10.6,11.4,float32,940208.0,csr_matrix,940208.0,float64,connectivities|distances,connectivities|distances,6.98,0.068,3200.0,True,,,,,,,,,,,,,,,,
2.0,20000.0,50.0,connectivity_kernel,,,,791.2,45.2,18.9,float32,1564708.0,csr_matrix,1564708.0,float64,connectivities|distances,connectivities|distances,9.48,0.111,3200.0,True,,,,,,,,,,,,,,,,
2.0,50000.0,15.0,connectivity_kernel,,,,112.9,46.1,14.3,float32,1174300.0,csr_matrix,1174300.0,float64,connectivities|distances,connectivities|distances,9.63,0.109,20000.0,True,,,,,,,,,,,,,,,,
2.0,50000.0,30.0,connectivity_kernel,,,,333.3,101.6,29.0,float32,2396750.0,csr_matrix,2396750.0,float64,connectivities|distances,connectivities|distances,13.03,0.208,20000.0,True,,,,,,,,,,,,,,,,
2.0,50000.0,50.0,connectivity_kernel,,,,837.9,186.8,48.3,float32,4004716.0,csr_matrix,4004716.0,float64,connectivities|distances,connectivities|distances,18.78,0.324,20000.0,True,,,,,,,,,,,,,,,,
,,,,,,,,,,,,,,,,,,,,,4.0,5000.0,30.0,gpcca_fit,"brandts(fallback,dense!)",5.0,10.0,98.73,4.496,1800.3,809.8,5000x10,0.4,,,
,,,,,,,,,,,,,,,,,,,,,5.0,5000.0,30.0,fate_probabilities,,,,,,9.3,1.8,,,1.03,"(5000, 5)",5.0
,,,,,,,,,,,,,,,,,,,,,4.0,10000.0,30.0,brandts_densify_probe,"brandts(fallback,dense!)",,,0.52,,-1.0,690.2,densified 10000x10000 float64 = 800MB,800.0,,,
